mysql> select orders.order_id,date,amount from orders,orderItem where cust_id=2 and orders.order_id=orderItem.order_id;
+----------+---------+--------+
| order_id | date    | amount |
+----------+---------+--------+
|        2 | 26-7-18 |    300 |
|        2 | 26-7-18 |    200 |
|        2 | 26-7-18 |    100 |
|        2 | 26-7-18 |     90 |
|        4 | 26-7-18 |     50 |
|        5 | 26-7-18 |    150 |
+----------+---------+--------+
6 rows in set (0.00 sec)

mysql> select orderItem.order_id,books.book_id,book_name,orderItem.quantity,amount from orders,orderItem,books where books.book_id =orderItem.book_id and orders.order_id=orderItem.order_id and cust_id=2 and orders.order_id=2;
+----------+---------+-------------------+----------+--------+
| order_id | book_id | book_name         | quantity | amount |
+----------+---------+-------------------+----------+--------+
|        2 |       4 | Origin            |        1 |    300 |
|        2 |       1 | Angels and Demons |        1 |    200 |
|        2 |       2 | Deception Point   |        1 |    100 |
|        2 |       3 | Digital Fortress  |        1 |     90 |
+----------+---------+-------------------+----------+--------+
4 rows in set (0.00 sec)

mysql> select customers.cust_id,cust_name,books.book_id,book_name,orderItem.quantity,amount from orders,orderItem,books,customers where books.book_id =orderItem.book_id and orders.order_id=orderItem.order_id and customers.cust_id=orders.cust_id and orders.order_id=2;
+---------+-----------+---------+-------------------+----------+--------+
| cust_id | cust_name | book_id | book_name         | quantity | amount |
+---------+-----------+---------+-------------------+----------+--------+
|       2 | rutuja    |       4 | Origin            |        1 |    300 |
|       2 | rutuja    |       1 | Angels and Demons |        1 |    200 |
|       2 | rutuja    |       2 | Deception Point   |        1 |    100 |
|       2 | rutuja    |       3 | Digital Fortress  |        1 |     90 |
+---------+-----------+---------+-------------------+----------+--------+
4 rows in set (0.00 sec)

mysql> select sum(payment) from orders;
+--------------+
| sum(payment) |
+--------------+
|        12190 |
+--------------+
1 row in set (0.00 sec)

mysql> select * from orders order by payment desc;
+----------+---------+-------+---------+---------+
| order_id | date    | total | payment | cust_id |
+----------+---------+-------+---------+---------+
|        1 | 26-7-18 |  8000 |    8000 |       1 |
|        5 | 26-7-18 |  1500 |    1500 |       2 |
|        3 | 26-7-18 |  1000 |    1000 |       3 |
|        4 | 26-7-18 |  1000 |    1000 |       2 |
|        2 | 26-7-18 |   690 |     690 |       2 |
+----------+---------+-------+---------+---------+
5 rows in set (0.00 sec)

mysql> select * from customers where cust_name like "sa%";
+---------+-----------+-------+--------------+
| cust_id | cust_name | phone | cust_address |
+---------+-----------+-------+--------------+
|       3 | saksham   | 2344  | pict         |
|       4 | sakshi    | 45555 | pict         |
+---------+-----------+-------+--------------+
2 rows in set (0.00 sec)

mysql> select cust_name,sum(payment) from customers,orders where customers.cust_id=orders.cust_id group by cust_name order by sum(payment) desc limit 1;
+-----------+--------------+
| cust_name | sum(payment) |
+-----------+--------------+
| aniket    |         8000 |
+-----------+--------------+
1 row in set (0.00 sec)

mysql> select orders.order_id,cust_name,cust_address,date,orderItem.quantity,amount,books.book_id,book_name from books,orders,orderItem,customers where date="26-7-18" and books.book_id=orderItem.book_id and customers.cust_id=orders.cust_id and orders.order_id=orderItem.order_id and cust_address="pict";
+----------+-----------+--------------+---------+----------+--------+---------+------------------+
| order_id | cust_name | cust_address | date    | quantity | amount | book_id | book_name        |
+----------+-----------+--------------+---------+----------+--------+---------+------------------+
|        3 | saksham   | pict         | 26-7-18 |       20 |     50 |       6 | Secrets of Nagas |
+----------+-----------+--------------+---------+----------+--------+---------+------------------+
1 row in set (0.00 sec)

mysql> update orders,orderItem set orders.total=total-(0.05*total),payment=payment-(0.05*payment),amount=amount-(0.05*amount) where total>5000 and orders.order_id=orderItem.order_id;
Query OK, 3 rows affected (0.03 sec)
Rows matched: 3  Changed: 3  Warnings: 0

mysql> select * from orderItem;
+----------+----------+--------+---------+
| order_id | quantity | amount | book_id |
+----------+----------+--------+---------+
|        1 |       10 |   2850 |       4 |
|        1 |       20 |   4750 |       8 |
|        2 |        1 |    300 |       4 |
|        2 |        1 |    200 |       1 |
|        2 |        1 |    100 |       2 |
|        2 |        1 |     90 |       3 |
|        3 |       20 |     50 |       6 |
|        4 |       20 |     50 |       6 |
|        5 |       10 |    150 |      10 |
+----------+----------+--------+---------+
9 rows in set (0.00 sec)

mysql> select * from orders;
+----------+---------+-------+---------+---------+
| order_id | date    | total | payment | cust_id |
+----------+---------+-------+---------+---------+
|        1 | 26-7-18 |  7600 |    7600 |       1 |
|        2 | 26-7-18 |   690 |     690 |       2 |
|        3 | 26-7-18 |  1000 |    1000 |       3 |
|        4 | 26-7-18 |  1000 |    1000 |       2 |
|        5 | 26-7-18 |  1500 |    1500 |       2 |
+----------+---------+-------+---------+---------+
5 rows in set (0.00 sec)

mysql> show create table orderItem;
+-----------+-----------------------------------------------------------------------------------------------------------------------------------------------------------------------------------------------------------------------------------------------------------------------------------------------------------------------------------------------------------------------------------------------------------------------------------------------------------------------------------------------------------------------------------------------------------------------+
| Table     | Create Table                                                                                                                                                                                                                                                                                                                                                                                                                                                                                                                                                          |
+-----------+-----------------------------------------------------------------------------------------------------------------------------------------------------------------------------------------------------------------------------------------------------------------------------------------------------------------------------------------------------------------------------------------------------------------------------------------------------------------------------------------------------------------------------------------------------------------------+
| orderItem | CREATE TABLE `orderItem` (
  `order_id` int(11) DEFAULT NULL,
  `quantity` int(11) DEFAULT NULL,
  `amount` int(11) DEFAULT NULL,
  `book_id` int(11) DEFAULT NULL,
  KEY `book_id` (`book_id`),
  KEY `order_id` (`order_id`),
  CONSTRAINT `orderItem_ibfk_3` FOREIGN KEY (`order_id`) REFERENCES `orders` (`order_id`) ON DELETE CASCADE,
  CONSTRAINT `orderItem_ibfk_1` FOREIGN KEY (`order_id`) REFERENCES `orders` (`order_id`),
  CONSTRAINT `orderItem_ibfk_2` FOREIGN KEY (`book_id`) REFERENCES `books` (`book_id`)
) ENGINE=InnoDB DEFAULT CHARSET=latin1 |
+-----------+-----------------------------------------------------------------------------------------------------------------------------------------------------------------------------------------------------------------------------------------------------------------------------------------------------------------------------------------------------------------------------------------------------------------------------------------------------------------------------------------------------------------------------------------------------------------------+
1 row in set (0.00 sec)

mysql> alter table orderItem drop foreign key orderItem_ibfk_1; 
Query OK, 9 rows affected (0.19 sec)
Records: 9  Duplicates: 0  Warnings: 0

mysql> show create table orderItem;
+-----------+----------------------------------------------------------------------------------------------------------------------------------------------------------------------------------------------------------------------------------------------------------------------------------------------------------------------------------------------------------------------------------------------------------------------------------------------------------------------------+
| Table     | Create Table                                                                                                                                                                                                                                                                                                                                                                                                                                                               |
+-----------+----------------------------------------------------------------------------------------------------------------------------------------------------------------------------------------------------------------------------------------------------------------------------------------------------------------------------------------------------------------------------------------------------------------------------------------------------------------------------+
| orderItem | CREATE TABLE `orderItem` (
  `order_id` int(11) DEFAULT NULL,
  `quantity` int(11) DEFAULT NULL,
  `amount` int(11) DEFAULT NULL,
  `book_id` int(11) DEFAULT NULL,
  KEY `book_id` (`book_id`),
  KEY `order_id` (`order_id`),
  CONSTRAINT `orderItem_ibfk_2` FOREIGN KEY (`book_id`) REFERENCES `books` (`book_id`),
  CONSTRAINT `orderItem_ibfk_3` FOREIGN KEY (`order_id`) REFERENCES `orders` (`order_id`) ON DELETE CASCADE
) ENGINE=InnoDB DEFAULT CHARSET=latin1 |
+-----------+----------------------------------------------------------------------------------------------------------------------------------------------------------------------------------------------------------------------------------------------------------------------------------------------------------------------------------------------------------------------------------------------------------------------------------------------------------------------------+
1 row in set (0.00 sec)

mysql> delete from orders where order_id=5;
Query OK, 1 row affected (0.02 sec)

mysql> select * from orders;
+----------+---------+-------+---------+---------+
| order_id | date    | total | payment | cust_id |
+----------+---------+-------+---------+---------+
|        1 | 26-7-18 |  7600 |    7600 |       1 |
|        2 | 26-7-18 |   690 |     690 |       2 |
|        3 | 26-7-18 |  1000 |    1000 |       3 |
|        4 | 26-7-18 |  1000 |    1000 |       2 |
+----------+---------+-------+---------+---------+
4 rows in set (0.00 sec)

mysql> select * from orderItem;
+----------+----------+--------+---------+
| order_id | quantity | amount | book_id |
+----------+----------+--------+---------+
|        1 |       10 |   2850 |       4 |
|        1 |       20 |   4750 |       8 |
|        2 |        1 |    300 |       4 |
|        2 |        1 |    200 |       1 |
|        2 |        1 |    100 |       2 |
|        2 |        1 |     90 |       3 |
|        3 |       20 |     50 |       6 |
|        4 |       20 |     50 |       6 |
+----------+----------+--------+---------+
8 rows in set (0.00 sec)
